name,in_type_1,in_qty_1,in_type_2,in_qty_2,out_type_1,out_qty_1,out_type_2,out_qty_2
ADMIN_NORMAL,PAPER,0.5,,,,,,
BATH_NORMAL,COAL,1.0,,,,,,
CANTEEN_NORMAL,COAL,0.5,,,,,,
FARM_COTTON,,,,,COTTON,2.2,,
FARM_FRUIT,,,,,FRUIT,2.0,,
FARM_GRAIN,,,,,GRAIN,8,,
FARM_HERB,,,,,HERB,2,,
FARM_MUSHROOM,,,,,MUSHROOM,1.2,,
FARM_SPICES,,,,,OPIATES,0.4,,
FARM_VEG,,,,,VEGETABLE,2,,
FISHERY_NORMAL,,,,,FISH,2.5,,
LIBRARY_NORMAL,PAPER,1.0,,,,,,
MINE_CLAY,,,,,CLAY,4.0,,
MINE_COAL,,,,,COAL,2.5,,
MINE_GEM,,,,,GEM,0.1,,
MINE_ORE,,,,,ORE,0.75,,
MINE_SITHILON,,,,,SITHILON,0.05,,
MINE_STONE,,,,,STONE,2.5,,
NURSERY_AMEVIA,FISH,0.5,,,,,,
NURSERY_CRETONIAN,VEGETABLE,0.5,,,,,,
NURSERY_GARTHIMI,MEAT,0.5,,,,,,
NURSERY_HUMAN,FRUIT,0.5,,,,,,
NURSERY_TILAPI,FRUIT,0.5,,,,,,
ORCHARD_FRUIT,,,,,FRUIT,3.0,,
PASTURE_AUR,,,,,MEAT,0.75,LEATHER,0.75,LIVESTOCK,0.0625
PASTURE_BALTI,,,,,MEAT,2.0,LIVESTOCK,0.0625
PASTURE_ENT,,,,,MEAT,1.5,LIVESTOCK,0.0625
PASTURE_GLOBDIEN,,,,,MEAT,0.25,EGG,1.25,LIVESTOCK,0.0625
PASTURE_ONX,,,,,MEAT,0.75,COTTON,0.75,LIVESTOCK,0.0625
REFINER_BAKERY,GRAIN,8.0,WOOD,1.0,BREAD,4,,
REFINER_BAKERY,GRAIN,10.0,COAL,0.5,BREAD,5,,
REFINER_BREWERY,GRAIN,4.0,POTTERY,1.5,COAL,1.5,ALCOHOL,2.0
REFINER_BREWERY,FRUIT,4.0,POTTERY,1.5,COAL,1.5,ALCOHOL,2.5
REFINER_COALER,WOOD,8,,,COAL,3,,
REFINER_SMELTER,COAL,3,ORE,3,METAL,1,,
REFINER_WEAVER,COTTON,6.0,,,FABRIC,3.0,,
SCHOOL_NORMAL,PAPER,0.25,,,,,,
WORKSHOP_BOWYER,WOOD,4.0,LEATHER,1.0,BOW,0.25,,
WORKSHOP_CARPENTER,WOOD,3.0,,,FURNITURE,0.75,,
WORKSHOP_CARPENTER,WOOD,6.0,STONE,4.0,WEAPON,0.2,,
WORKSHOP_JEWELRY,COAL,4,GEM,2,JEWELRY,0.5,,
WORKSHOP_MASON,STONE,4,,,STONE_CUT,1.0,,
WORKSHOP_MECHANIC,FURNITURE,3.0,METAL,3.0,MACHINERY,0.4,,
WORKSHOP_PAPER,WOOD,5.0,,,PAPER,1.0,,
WORKSHOP_POTTERY,CLAY,4.0,,,POTTERY,1.5,,
WORKSHOP_RATION,MEAT,4,HERB,2,RATION,3.0,,
WORKSHOP_RATION,BREAD,5,HERB,2,RATION,3.0,,
WORKSHOP_RATION,FISH,4,HERB,2,RATION,3.0,,
WORKSHOP_RATION,FRUIT,6,HERB,2,RATION,2.0,,
WORKSHOP_RATION,VEGETABLE,6,HERB,2,RATION,2.0,,
WORKSHOP_SMITHY,COAL,3.0,METAL,2.0,TOOL,1.0,,
WORKSHOP_SMITHY,COAL,3.0,METAL,2,ARMOUR,0.5,,
WORKSHOP_SMITHY,COAL,3.0,METAL,2.0,WEAPON,0.5,,
WORKSHOP_TAILOR,LEATHER,3,,,CLOTHES,1.0,,
WORKSHOP_TAILOR,FABRIC,5.0,,,CLOTHES,1.5,,
WORKSHOP_TAILOR,LEATHER,4.0,,,ARMOUR,0.2,,
ASYLUM,RATION,1.0,,,,,,
EMBASSY,PAPER,1.0,FABRIC,1.0,,,,
HOSPITAL,OPIATES,1.0,FABRIC,1.0,,,,
NURSERY_AMEVIA,FRUIT,0.5,,,,,,
WOODCUTTER,,,,,WOOD,3.0,,
